firstCol	SNPs	beta	alpha	pval-beta	pval-alpha
0.023553	['N10', 'N43', 'N44', 'N85']	0.5339051524084679	0.02355252997683932	0.0	0.0
0.023203	['N17', 'N71', 'N77', 'N96']	0.5358881655191845	0.02320301247856571	0.0	0.0
0.023068	['N10', 'N21', 'N36', 'N41']	0.533675989229375	0.023067800362634783	0.0	0.0
0.023005	['N19', 'N28', 'N44', 'N72']	0.5307312444641648	0.023004973025889774	0.001	0.0
0.02248	['N11', 'N43', 'N56', 'N65']	0.5336167580368831	0.022479976584007466	0.0	0.0
