Alpha,SNP_A
0.015963,M0P1
0.002896,N38
0.002018,N29
0.001982,N9
0.001399,N30
0.001364,N41
0.001315,N32
0.001173,N67
0.001109,N21
0.001105,N71
0.001090,N85
0.001060,N18
0.001005,N62
0.000987,N44
0.000860,N40
0.000856,N91
0.000852,N22
0.000846,N48
0.000841,N28
0.000826,N69
0.000804,N83
0.000746,N45
0.000677,N56
0.000673,N26
0.000668,N55
0.000663,M1P3
0.000610,N39
0.000604,N82
0.000572,N35
0.000562,N60
0.000537,M2P4
0.000498,N4
0.000490,N73
0.000489,N3
0.000484,N27
0.000481,N79
0.000467,N77
0.000465,N12
0.000453,N65
0.000443,N86
0.000412,N23
0.000408,N81
0.000408,N61
0.000408,N24
0.000406,N31
0.000393,N46
0.000376,N11
0.000373,N72
0.000361,N74
0.000336,N93
