Beta,SNP_A
0.501081,N7
0.501046,M1T3
0.500943,N18
0.500886,N31
0.500824,N4
0.500668,N36
0.500570,N5
0.500547,N23
0.500533,N22
0.500445,N11
