Alpha,SNP_A
0.001081,N7
0.001046,M1T3
