firstCol	SNPs	beta	alpha	alpha-dist	alpha-distPval	alpha-pval	beta-dist	beta-distPval	beta-pval
0.005487	N17#N88	0.5071254445998304	0.005486856667350715	lognorm	0.8807137292911025	0.001044409575605476	lognorm	0.9586003100562575	0.0023578649272512076
0.005371	N9#N97	0.5058921297427379	0.0053707391542678895	gamma	0.9823371382592272	0.0005960191967286921	gamma	0.8187586435087204	0.0017869986754126543
0.004913	N24#N43	0.5065558174379698	0.004912629732860774	gamma	0.8041375327372964	0.00036324720467661997	gamma	0.9226243234034011	0.00014793358365228215
0.00488	N8#N25	0.505933254964203	0.0048797035083415485	gamma	0.812556356577278	0.00013190654028849558	lognorm	0.9751443613299431	0.004615615665997996
0.004674	N34#N49	0.5048429455959003	0.004674086696986324	norm	0.5828014121527084	5.331238006611727e-08	lognorm	0.9360589664954408	0.004270557229733796
