firstCol	SNPs	beta	alpha	pval-beta	pval-alpha
0	['N94', 'N46']	0.5010792749404787	0.0003110019175028844	0.95	0.93
0	['N72', 'N29']	0.5019013838253263	0.0007409491816702252	0.7	0.81
0	['N49', 'N96']	0.5029034847617163	0.002253971103536312	0.23	0.07
0	['N40', 'N95']	0.5031081532627952	0.0025538638410994574	0.23	0.07
0	['N28', 'N33']	0.5019622355292978	0.001602944001889317	0.54	0.26
