firstCol	SNPs	beta	alpha	alpha-dist	alpha-distPval	alpha-pval	beta-dist	beta-distPval	beta-pval
0.005487	N17#N88	0.5071254445998304	0.005486856667350715	lognorm	0.3096557424304078	0.00033393437416295857	gamma	0.7807943393042378	0.0008801229467817473
0.005371	N9#N97	0.5058921297427379	0.0053707391542678895	gamma	0.9387493925717758	0.0002682641932463259	lognorm	0.9389605736761781	0.006352588977603824
0.004913	N24#N43	0.5065558174379698	0.004912629732860774	lognorm	0.10027208845892402	0.0010635222226814678	gamma	0.854817469037998	0.0024151795493910777
0.00488	N8#N25	0.505933254964203	0.0048797035083415485	lognorm	0.2707063012369373	0.0005665976072739554	lognorm	0.6056590509963165	0.004482371122657147
0.004674	N34#N49	0.5048429455959003	0.004674086696986324	gamma	0.698088983505667	0.001572554803131121	gamma	0.8273226632934843	0.024935019502546063
