firstCol	SNPs	beta	alpha	alpha-dist	alpha-distPval	alpha-pval	beta-dist	beta-distPval	beta-pval
0	N32#N70	0.5010792749404787	0.0003110019175028844	gamma	0.9877571101988479	0.9592090358096382	lognorm	0.8147537236127811	0.9042648679971254
0	N89#N54	0.5014522747698035	0.0009304992282742619	lognorm	0.721017901503295	0.6255269119247634	gamma	0.8103766523757339	0.760635505218251
0	N62#N60	0.5011607757019535	0.001027173937784176	gamma	0.7313277887157132	0.5615127358373668	gamma	0.9044938119632626	0.8721717397785511
0	N56#N71	0.5026677796758199	0.001507345032163654	gamma	0.973063121154039	0.2978218508299131	gamma	0.7879356335283035	0.2909722573834257
0	N89#N51	0.5013827598521047	0.0008609843105754633	lognorm	0.686682176630909	0.678222922324997	lognorm	0.9098928396407173	0.8070088986135591
