firstCol	SNPs	beta	alpha	pval-beta	pval-alpha
0.005487	['N17', 'N88']	0.5071254445998304	0.005486856667350715	0.0	0.0
0.005371	['N9', 'N97']	0.5058921297427379	0.0053707391542678895	0.0	0.0
0.004913	['N24', 'N43']	0.5065558174379698	0.004912629732860774	0.0	0.0
0.00488	['N8', 'N25']	0.505933254964203	0.0048797035083415485	0.02	0.0
0.004674	['N34', 'N49']	0.5048429455959003	0.004674086696986324	0.0	0.0
