Alpha,SNP_A,SNP_B
0.014046,M1P2,M1P3
0.006091,N6,N80
0.005645,N34,N89
0.005275,N9,N48
0.005044,N6,N89
