Alpha,SNP_A,SNP_B,SNP_C
0.020387,M2P4,M2P5,M2P6
0.013988,N6,N12,N29
0.013659,M0P1,M1P2,M1P3
0.010729,N6,N21,N86
0.009748,N30,N83,M2P6
