Alpha,SNP_A
0.015963,M0P1
0.002896,N38
0.002018,N29
0.001982,N9
0.001399,N30
